Country or Area,Year,Area,Sex,City,City type,Record Type,Reliability,Source Year,Value,Value Footnotes
United States of America,2016,Total,Both Sexes,Abilene (TX),City proper,Estimate - de jure,"Final figure, complete",2017,122225,"1,2"
United States of America,2016,Total,Both Sexes,Akron (OH),City proper,Estimate - de jure,"Final figure, complete",2017,197633,"1,2"
United States of America,2016,Total,Both Sexes,Albuquerque (NM),City proper,Estimate - de jure,"Final figure, complete",2017,559277,"1,2"
United States of America,2016,Total,Both Sexes,Alexandria (VA),City proper,Estimate - de jure,"Final figure, complete",2017,155810,"1,2"
United States of America,2016,Total,Both Sexes,Allentown (PA),City proper,Estimate - de jure,"Final figure, complete",2017,120443,"1,2"
United States of America,2016,Total,Both Sexes,Amarillo (TX),City proper,Estimate - de jure,"Final figure, complete",2017,199582,"1,2"
United States of America,2016,Total,Both Sexes,Anaheim (CA),City proper,Estimate - de jure,"Final figure, complete",2017,351043,"1,2"
United States of America,2016,Total,Both Sexes,Anchorage (AK),City proper,Estimate - de jure,"Final figure, complete",2017,298192,"1,2"
United States of America,2016,Total,Both Sexes,Ann Arbor (MI),City proper,Estimate - de jure,"Final figure, complete",2017,120782,"1,2"
United States of America,2016,Total,Both Sexes,Antioch (CA),City proper,Estimate - de jure,"Final figure, complete",2017,110898,"1,2"
United States of America,2016,Total,Both Sexes,Arlington (TX),City proper,Estimate - de jure,"Final figure, complete",2017,392772,"1,2"
United States of America,2016,Total,Both Sexes,Arvada (CO),City proper,Estimate - de jure,"Final figure, complete",2017,117453,"1,2"
United States of America,2016,Total,Both Sexes,Athens (GA),City proper,Estimate - de jure,"Final figure, complete",2017,123371,"1,2"
United States of America,2016,Total,Both Sexes,Atlanta (GA),City proper,Estimate - de jure,"Final figure, complete",2017,472522,"1,2"
United States of America,2016,Total,Both Sexes,Augusta (GA),City proper,Estimate - de jure,"Final figure, complete",2017,197081,"1,2"
United States of America,2016,Total,Both Sexes,Aurora (CO),City proper,Estimate - de jure,"Final figure, complete",2017,361710,"1,2"
United States of America,2016,Total,Both Sexes,Aurora (IL),City proper,Estimate - de jure,"Final figure, complete",2017,201110,"1,2"
United States of America,2016,Total,Both Sexes,Austin (TX),City proper,Estimate - de jure,"Final figure, complete",2017,947890,"1,2"
United States of America,2016,Total,Both Sexes,Bakersfield (CA),City proper,Estimate - de jure,"Final figure, complete",2017,376380,"1,2"
United States of America,2016,Total,Both Sexes,Baltimore (MD),City proper,Estimate - de jure,"Final figure, complete",2017,614664,"1,2"
United States of America,2016,Total,Both Sexes,Baton Rouge (LA),City proper,Estimate - de jure,"Final figure, complete",2017,227715,"1,2"
United States of America,2016,Total,Both Sexes,Beaumont (TX),City proper,Estimate - de jure,"Final figure, complete",2017,118299,"1,2"
United States of America,2016,Total,Both Sexes,Bellevue (WA),City proper,Estimate - de jure,"Final figure, complete",2017,141400,"1,2"
United States of America,2016,Total,Both Sexes,Berkeley (CA),City proper,Estimate - de jure,"Final figure, complete",2017,121240,"1,2"
United States of America,2016,Total,Both Sexes,Billings (MT),City proper,Estimate - de jure,"Final figure, complete",2017,110323,"1,2"
United States of America,2016,Total,Both Sexes,Birmingham (AL),City proper,Estimate - de jure,"Final figure, complete",2017,212157,"1,2"
United States of America,2016,Total,Both Sexes,Boise City (ID),City proper,Estimate - de jure,"Final figure, complete",2017,223154,"1,2"
United States of America,2016,Total,Both Sexes,Boston (MA),City proper,Estimate - de jure,"Final figure, complete",2017,673184,"1,2"
United States of America,2016,Total,Both Sexes,Boulder (CO),City proper,Estimate - de jure,"Final figure, complete",2017,108090,"1,2"
United States of America,2016,Total,Both Sexes,Bridgeport (CT),City proper,Estimate - de jure,"Final figure, complete",2017,145936,"1,2"
United States of America,2016,Total,Both Sexes,Broken Arrow (OK),City proper,Estimate - de jure,"Final figure, complete",2017,107403,"1,2"
United States of America,2016,Total,Both Sexes,Brownsville (TX),City proper,Estimate - de jure,"Final figure, complete",2017,183823,"1,2"
United States of America,2016,Total,Both Sexes,Buffalo (NY),City proper,Estimate - de jure,"Final figure, complete",2017,256902,"1,2"
United States of America,2016,Total,Both Sexes,Burbank (CA),City proper,Estimate - de jure,"Final figure, complete",2017,104447,"1,2"
United States of America,2016,Total,Both Sexes,Carlsbad (CA),City proper,Estimate - de jure,"Final figure, complete",2017,113952,"1,2"
United States of America,2016,Total,Both Sexes,Cambridge (MA),City proper,Estimate - de jure,"Final figure, complete",2017,110651,"1,2"
United States of America,2016,Total,Both Sexes,Cape Coral (FL),City proper,Estimate - de jure,"Final figure, complete",2017,179804,"1,2"
United States of America,2016,Total,Both Sexes,Carrollton (TX),City proper,Estimate - de jure,"Final figure, complete",2017,133351,"1,2"
United States of America,2016,Total,Both Sexes,Cary (NC),City proper,Estimate - de jure,"Final figure, complete",2017,162320,"1,2"
United States of America,2016,Total,Both Sexes,Cedar Rapids (IA),City proper,Estimate - de jure,"Final figure, complete",2017,131127,"1,2"
United States of America,2016,Total,Both Sexes,Centennial (CO),City proper,Estimate - de jure,"Final figure, complete",2017,109932,"1,2"
United States of America,2016,Total,Both Sexes,Chandler (AZ),City proper,Estimate - de jure,"Final figure, complete",2017,247477,"1,2"
United States of America,2016,Total,Both Sexes,Charleston (SC),City proper,Estimate - de jure,"Final figure, complete",2017,134385,"1,2"
United States of America,2016,Total,Both Sexes,Charlotte (NC),City proper,Estimate - de jure,"Final figure, complete",2017,842051,"1,2"
United States of America,2016,Total,Both Sexes,Chattanooga (TN),City proper,Estimate - de jure,"Final figure, complete",2017,177571,"1,2"
United States of America,2016,Total,Both Sexes,Chesapeake (VA),City proper,Estimate - de jure,"Final figure, complete",2017,237940,"1,2"
United States of America,2016,Total,Both Sexes,Chicago (IL),City proper,Estimate - de jure,"Final figure, complete",2017,2704958,"1,2"
United States of America,2016,Total,Both Sexes,Chula Vista (CA),City proper,Estimate - de jure,"Final figure, complete",2017,267172,"1,2"
United States of America,2016,Total,Both Sexes,Cincinnati (OH),City proper,Estimate - de jure,"Final figure, complete",2017,298800,"1,2"
United States of America,2016,Total,Both Sexes,Clarksville (TN),City proper,Estimate - de jure,"Final figure, complete",2017,150287,"1,2"
United States of America,2016,Total,Both Sexes,Clearwater (FL),City proper,Estimate - de jure,"Final figure, complete",2017,114361,"1,2"
United States of America,2016,Total,Both Sexes,Cleveland (OH),City proper,Estimate - de jure,"Final figure, complete",2017,385809,"1,2"
United States of America,2016,Total,Both Sexes,Clovis (CA),City proper,Estimate - de jure,"Final figure, complete",2017,106583,"1,2"
United States of America,2016,Total,Both Sexes,College Station (TX),City proper,Estimate - de jure,"Final figure, complete",2017,112141,"1,2"
United States of America,2016,Total,Both Sexes,Colorado Springs (CO),City proper,Estimate - de jure,"Final figure, complete",2017,465101,"1,2"
United States of America,2016,Total,Both Sexes,Columbia (MO),City proper,Estimate - de jure,"Final figure, complete",2017,120612,"1,2"
United States of America,2016,Total,Both Sexes,Columbia (SC),City proper,Estimate - de jure,"Final figure, complete",2017,134309,"1,2"
United States of America,2016,Total,Both Sexes,Columbus (GA),City proper,Estimate - de jure,"Final figure, complete",2017,197485,"1,2"
United States of America,2016,Total,Both Sexes,Columbus (OH),City proper,Estimate - de jure,"Final figure, complete",2017,860090,"1,2"
United States of America,2016,Total,Both Sexes,Concord (CA),City proper,Estimate - de jure,"Final figure, complete",2017,128726,"1,2"
United States of America,2016,Total,Both Sexes,Coral Springs (FL),City proper,Estimate - de jure,"Final figure, complete",2017,130059,"1,2"
United States of America,2016,Total,Both Sexes,Corona (CA),City proper,Estimate - de jure,"Final figure, complete",2017,166785,"1,2"
United States of America,2016,Total,Both Sexes,Corpus Christi (TX),City proper,Estimate - de jure,"Final figure, complete",2017,325733,"1,2"
United States of America,2016,Total,Both Sexes,Costa Mesa (CA),City proper,Estimate - de jure,"Final figure, complete",2017,112822,"1,2"
United States of America,2016,Total,Both Sexes,Dallas (TX),City proper,Estimate - de jure,"Final figure, complete",2017,1317929,"1,2"
United States of America,2016,Total,Both Sexes,Daly City (CA),City proper,Estimate - de jure,"Final figure, complete",2017,106472,"1,2"
United States of America,2016,Total,Both Sexes,Davenport (IA),City proper,Estimate - de jure,"Final figure, complete",2017,102612,"1,2"
United States of America,2016,Total,Both Sexes,Davie (FL),City proper,Estimate - de jure,"Final figure, complete",2017,101871,"1,2"
United States of America,2016,Total,Both Sexes,Dayton (OH),City proper,Estimate - de jure,"Final figure, complete",2017,140489,"1,2"
United States of America,2016,Total,Both Sexes,Denton (TX),City proper,Estimate - de jure,"Final figure, complete",2017,133808,"1,2"
United States of America,2016,Total,Both Sexes,Denver (CO),City proper,Estimate - de jure,"Final figure, complete",2017,693060,"1,2"
United States of America,2016,Total,Both Sexes,Des Moines (IA),City proper,Estimate - de jure,"Final figure, complete",2017,215472,"1,2"
United States of America,2016,Total,Both Sexes,Detroit (MI),City proper,Estimate - de jure,"Final figure, complete",2017,672795,"1,2"
United States of America,2016,Total,Both Sexes,Downey (CA),City proper,Estimate - de jure,"Final figure, complete",2017,113267,"1,2"
United States of America,2016,Total,Both Sexes,Durham (NC),City proper,Estimate - de jure,"Final figure, complete",2017,263016,"1,2"
United States of America,2016,Total,Both Sexes,El Cajon (CA),City proper,Estimate - de jure,"Final figure, complete",2017,103768,"1,2"
United States of America,2016,Total,Both Sexes,El Monte (CA),City proper,Estimate - de jure,"Final figure, complete",2017,115807,"1,2"
United States of America,2016,Total,Both Sexes,El Paso (TX),City proper,Estimate - de jure,"Final figure, complete",2017,683080,"1,2"
United States of America,2016,Total,Both Sexes,Elgin (IL),City proper,Estimate - de jure,"Final figure, complete",2017,112123,"1,2"
United States of America,2016,Total,Both Sexes,Elizabeth (NJ),City proper,Estimate - de jure,"Final figure, complete",2017,128640,"1,2"
United States of America,2016,Total,Both Sexes,Elk Grove (CA),City proper,Estimate - de jure,"Final figure, complete",2017,169743,"1,2"
United States of America,2016,Total,Both Sexes,Escondido (CA),City proper,Estimate - de jure,"Final figure, complete",2017,151613,"1,2"
United States of America,2016,Total,Both Sexes,Eugene (OR),City proper,Estimate - de jure,"Final figure, complete",2017,166575,"1,2"
United States of America,2016,Total,Both Sexes,Evansville (IN),City proper,Estimate - de jure,"Final figure, complete",2017,119477,"1,2"
United States of America,2016,Total,Both Sexes,Everett (WA),City proper,Estimate - de jure,"Final figure, complete",2017,109043,"1,2"
United States of America,2016,Total,Both Sexes,Fairfield (CA),City proper,Estimate - de jure,"Final figure, complete",2017,114756,"1,2"
United States of America,2016,Total,Both Sexes,Fargo (ND),City proper,Estimate - de jure,"Final figure, complete",2017,120762,"1,2"
United States of America,2016,Total,Both Sexes,Fayetteville (NC),City proper,Estimate - de jure,"Final figure, complete",2017,204759,"1,2"
United States of America,2016,Total,Both Sexes,Fontana (CA),City proper,Estimate - de jure,"Final figure, complete",2017,209665,"1,2"
United States of America,2016,Total,Both Sexes,Fort Collins (CO),City proper,Estimate - de jure,"Final figure, complete",2017,164207,"1,2"
United States of America,2016,Total,Both Sexes,Fort Lauderdale (FL),City proper,Estimate - de jure,"Final figure, complete",2017,178752,"1,2"
United States of America,2016,Total,Both Sexes,Fort Wayne (IN),City proper,Estimate - de jure,"Final figure, complete",2017,264488,"1,2"
United States of America,2016,Total,Both Sexes,Fort Worth (TX),City proper,Estimate - de jure,"Final figure, complete",2017,854113,"1,2"
United States of America,2016,Total,Both Sexes,Fremont (CA),City proper,Estimate - de jure,"Final figure, complete",2017,233136,"1,2"
United States of America,2016,Total,Both Sexes,Fresno (CA),City proper,Estimate - de jure,"Final figure, complete",2017,522053,"1,2"
United States of America,2016,Total,Both Sexes,Frisco (TX),City proper,Estimate - de jure,"Final figure, complete",2017,163656,"1,2"
United States of America,2016,Total,Both Sexes,Fullerton (CA),City proper,Estimate - de jure,"Final figure, complete",2017,140721,"1,2"
United States of America,2016,Total,Both Sexes,Gainesville (FL),City proper,Estimate - de jure,"Final figure, complete",2017,131591,"1,2"
United States of America,2016,Total,Both Sexes,Garden Grove (CA),City proper,Estimate - de jure,"Final figure, complete",2017,174858,"1,2"
United States of America,2016,Total,Both Sexes,Garland (TX),City proper,Estimate - de jure,"Final figure, complete",2017,234943,"1,2"
United States of America,2016,Total,Both Sexes,Gilbert (AZ),City proper,Estimate - de jure,"Final figure, complete",2017,237133,"1,2"
United States of America,2016,Total,Both Sexes,Glendale (AZ),City proper,Estimate - de jure,"Final figure, complete",2017,245895,"1,2"
United States of America,2016,Total,Both Sexes,Glendale (CA),City proper,Estimate - de jure,"Final figure, complete",2017,200831,"1,2"
United States of America,2016,Total,Both Sexes,Grand Prairie (TX),City proper,Estimate - de jure,"Final figure, complete",2017,190682,"1,2"
United States of America,2016,Total,Both Sexes,Grand Rapids (MI),City proper,Estimate - de jure,"Final figure, complete",2017,196445,"1,2"
United States of America,2016,Total,Both Sexes,Greeley (CO),City proper,Estimate - de jure,"Final figure, complete",2017,103990,"1,2"
United States of America,2016,Total,Both Sexes,Green Bay (WI),City proper,Estimate - de jure,"Final figure, complete",2017,105139,"1,2"
United States of America,2016,Total,Both Sexes,Greensboro (NC),City proper,Estimate - de jure,"Final figure, complete",2017,287027,"1,2"
United States of America,2016,Total,Both Sexes,Gresham (OR),City proper,Estimate - de jure,"Final figure, complete",2017,111523,"1,2"
United States of America,2016,Total,Both Sexes,Hampton (VA),City proper,Estimate - de jure,"Final figure, complete",2017,135410,"1,2"
United States of America,2016,Total,Both Sexes,Hartford (CT),City proper,Estimate - de jure,"Final figure, complete",2017,123243,"1,2"
United States of America,2016,Total,Both Sexes,Hayward (CA),City proper,Estimate - de jure,"Final figure, complete",2017,158937,"1,2"
United States of America,2016,Total,Both Sexes,Henderson (NV),City proper,Estimate - de jure,"Final figure, complete",2017,292969,"1,2"
United States of America,2016,Total,Both Sexes,Hialeah (FL),City proper,Estimate - de jure,"Final figure, complete",2017,236387,"1,2"
United States of America,2016,Total,Both Sexes,High Point City (NC),City proper,Estimate - de jure,"Final figure, complete",2017,111223,"1,2"
United States of America,2016,Total,Both Sexes,Hillsboro (OR),City proper,Estimate - de jure,"Final figure, complete",2017,105164,"1,2"
United States of America,2016,Total,Both Sexes,Hollywood (FL),City proper,Estimate - de jure,"Final figure, complete",2017,151998,"1,2"
United States of America,2016,Total,Both Sexes,Urban Honolulu (HI),City proper,Estimate - de jure,"Final figure, complete",2017,351792,"1,2"
United States of America,2016,Total,Both Sexes,Houston (TX),City proper,Estimate - de jure,"Final figure, complete",2017,2303482,"1,2"
United States of America,2016,Total,Both Sexes,Huntington Beach (CA),City proper,Estimate - de jure,"Final figure, complete",2017,200652,"1,2"
United States of America,2016,Total,Both Sexes,Huntsville (AL),City proper,Estimate - de jure,"Final figure, complete",2017,193079,"1,2"
United States of America,2016,Total,Both Sexes,Independence (MO),City proper,Estimate - de jure,"Final figure, complete",2017,117030,"1,2"
United States of America,2016,Total,Both Sexes,Indianapolis (IN),City proper,Estimate - de jure,"Final figure, complete",2017,855164,"1,2"
United States of America,2016,Total,Both Sexes,Inglewood (CA),City proper,Estimate - de jure,"Final figure, complete",2017,110654,"1,2"
United States of America,2016,Total,Both Sexes,Irvine (CA),City proper,Estimate - de jure,"Final figure, complete",2017,266122,"1,2"
United States of America,2016,Total,Both Sexes,Irving (TX),City proper,Estimate - de jure,"Final figure, complete",2017,238289,"1,2"
United States of America,2016,Total,Both Sexes,Jackson (MS),City proper,Estimate - de jure,"Final figure, complete",2017,169148,"1,2"
United States of America,2016,Total,Both Sexes,Jacksonville (FL),City proper,Estimate - de jure,"Final figure, complete",2017,880619,"1,2"
United States of America,2016,Total,Both Sexes,Jersey City (NJ),City proper,Estimate - de jure,"Final figure, complete",2017,264152,"1,2"
United States of America,2016,Total,Both Sexes,Joliet (IL),City proper,Estimate - de jure,"Final figure, complete",2017,148262,"1,2"
United States of America,2016,Total,Both Sexes,Jurupa Valley (CA),City proper,Estimate - de jure,"Final figure, complete",2017,103541,"1,2"
United States of America,2016,Total,Both Sexes,Kansas City (KS),City proper,Estimate - de jure,"Final figure, complete",2017,151709,"1,2"
United States of America,2016,Total,Both Sexes,Kansas City (MO),City proper,Estimate - de jure,"Final figure, complete",2017,481420,"1,2"
United States of America,2016,Total,Both Sexes,Kent (WA),City proper,Estimate - de jure,"Final figure, complete",2017,127514,"1,2"
United States of America,2016,Total,Both Sexes,Killeen (TX),City proper,Estimate - de jure,"Final figure, complete",2017,143400,"1,2"
United States of America,2016,Total,Both Sexes,Knoxville (TN),City proper,Estimate - de jure,"Final figure, complete",2017,186239,"1,2"
United States of America,2016,Total,Both Sexes,Lafayette (LA),City proper,Estimate - de jure,"Final figure, complete",2017,127626,"1,2"
United States of America,2016,Total,Both Sexes,Lakeland (FL),City proper,Estimate - de jure,"Final figure, complete",2017,106420,"1,2"
United States of America,2016,Total,Both Sexes,Lakewood (CO),City proper,Estimate - de jure,"Final figure, complete",2017,154393,"1,2"
United States of America,2016,Total,Both Sexes,Lancaster (CA),City proper,Estimate - de jure,"Final figure, complete",2017,160106,"1,2"
United States of America,2016,Total,Both Sexes,Lansing (MI),City proper,Estimate - de jure,"Final figure, complete",2017,116020,"1,2"
United States of America,2016,Total,Both Sexes,Laredo (TX),City proper,Estimate - de jure,"Final figure, complete",2017,257156,"1,2"
United States of America,2016,Total,Both Sexes,Las Cruces (NM),City proper,Estimate - de jure,"Final figure, complete",2017,101759,"1,2"
United States of America,2016,Total,Both Sexes,Las Vegas (NV),City proper,Estimate - de jure,"Final figure, complete",2017,632912,"1,2"
United States of America,2016,Total,Both Sexes,League City (TX),City proper,Estimate - de jure,"Final figure, complete",2017,102010,"1,2"
United States of America,2016,Total,Both Sexes,Lewisville (TX),City proper,Estimate - de jure,"Final figure, complete",2017,104659,"1,2"
United States of America,2016,Total,Both Sexes,Lexington-Fayette (KY),City proper,Estimate - de jure,"Final figure, complete",2017,318449,"1,2"
United States of America,2016,Total,Both Sexes,Lincoln (NE),City proper,Estimate - de jure,"Final figure, complete",2017,280364,"1,2"
United States of America,2016,Total,Both Sexes,Little Rock (AR),City proper,Estimate - de jure,"Final figure, complete",2017,198541,"1,2"
United States of America,2016,Total,Both Sexes,Long Beach (CA),City proper,Estimate - de jure,"Final figure, complete",2017,470130,"1,2"
United States of America,2016,Total,Both Sexes,Los Angeles (CA),City proper,Estimate - de jure,"Final figure, complete",2017,3976322,"1,2"
United States of America,2016,Total,Both Sexes,Louisville (KY),City proper,Estimate - de jure,"Final figure, complete",2017,616261,"1,2"
United States of America,2016,Total,Both Sexes,Lowell (MA),City proper,Estimate - de jure,"Final figure, complete",2017,110558,"1,2"
United States of America,2016,Total,Both Sexes,Lubbock (TX),City proper,Estimate - de jure,"Final figure, complete",2017,252506,"1,2"
United States of America,2016,Total,Both Sexes,Macon-Bibb (GA),City proper,Estimate - de jure,"Final figure, complete",2017,152555,"1,2"
United States of America,2016,Total,Both Sexes,Madison (WI),City proper,Estimate - de jure,"Final figure, complete",2017,252551,"1,2"
United States of America,2016,Total,Both Sexes,Manchester (NH),City proper,Estimate - de jure,"Final figure, complete",2017,110506,"1,2"
United States of America,2016,Total,Both Sexes,McAllen (TX),City proper,Estimate - de jure,"Final figure, complete",2017,142212,"1,2"
United States of America,2016,Total,Both Sexes,McKinney City (TX),City proper,Estimate - de jure,"Final figure, complete",2017,172298,"1,2"
United States of America,2016,Total,Both Sexes,Memphis (TN),City proper,Estimate - de jure,"Final figure, complete",2017,652717,"1,2"
United States of America,2016,Total,Both Sexes,Mesa (AZ),City proper,Estimate - de jure,"Final figure, complete",2017,484587,"1,2"
United States of America,2016,Total,Both Sexes,Mesquite (TX),City proper,Estimate - de jure,"Final figure, complete",2017,143736,"1,2"
United States of America,2016,Total,Both Sexes,Miami (FL),City proper,Estimate - de jure,"Final figure, complete",2017,453579,"1,2"
United States of America,2016,Total,Both Sexes,Miami Gardens (FL),City proper,Estimate - de jure,"Final figure, complete",2017,113058,"1,2"
United States of America,2016,Total,Both Sexes,Midland City (TX),City proper,Estimate - de jure,"Final figure, complete",2017,134610,"1,2"
United States of America,2016,Total,Both Sexes,Milwaukee (WI),City proper,Estimate - de jure,"Final figure, complete",2017,595047,"1,2"
United States of America,2016,Total,Both Sexes,Minneapolis (MN),City proper,Estimate - de jure,"Final figure, complete",2017,413651,"1,2"
United States of America,2016,Total,Both Sexes,Miramar (FL),City proper,Estimate - de jure,"Final figure, complete",2017,138449,"1,2"
United States of America,2016,Total,Both Sexes,Mobile (AL),City proper,Estimate - de jure,"Final figure, complete",2017,192904,"1,2"
United States of America,2016,Total,Both Sexes,Modesto (CA),City proper,Estimate - de jure,"Final figure, complete",2017,212175,"1,2"
United States of America,2016,Total,Both Sexes,Montgomery (AL),City proper,Estimate - de jure,"Final figure, complete",2017,200022,"1,2"
United States of America,2016,Total,Both Sexes,Moreno Valley (CA),City proper,Estimate - de jure,"Final figure, complete",2017,205499,"1,2"
United States of America,2016,Total,Both Sexes,Murrieta (CA),City proper,Estimate - de jure,"Final figure, complete",2017,111674,"1,2"
United States of America,2016,Total,Both Sexes,Murfreesboro (TN),City proper,Estimate - de jure,"Final figure, complete",2017,131947,"1,2"
United States of America,2016,Total,Both Sexes,Naperville (IL),City proper,Estimate - de jure,"Final figure, complete",2017,147122,"1,2"
United States of America,2016,Total,Both Sexes,Nashville-Davidson (TN),City proper,Estimate - de jure,"Final figure, complete",2017,660388,"1,2"
United States of America,2016,Total,Both Sexes,New Haven (CT),City proper,Estimate - de jure,"Final figure, complete",2017,129934,"1,2"
United States of America,2016,Total,Both Sexes,New Orleans (LA),City proper,Estimate - de jure,"Final figure, complete",2017,391495,"1,2"
United States of America,2016,Total,Both Sexes,New York (NY),City proper,Estimate - de jure,"Final figure, complete",2017,8537673,"1,2"
United States of America,2016,Total,Both Sexes,Newark (NJ),City proper,Estimate - de jure,"Final figure, complete",2017,281764,"1,2"
United States of America,2016,Total,Both Sexes,Newport News (VA),City proper,Estimate - de jure,"Final figure, complete",2017,181825,"1,2"
United States of America,2016,Total,Both Sexes,Norfolk (VA),City proper,Estimate - de jure,"Final figure, complete",2017,245115,"1,2"
United States of America,2016,Total,Both Sexes,Norman (OK),City proper,Estimate - de jure,"Final figure, complete",2017,122180,"1,2"
United States of America,2016,Total,Both Sexes,North Charleston (SC),City proper,Estimate - de jure,"Final figure, complete",2017,109298,"1,2"
United States of America,2016,Total,Both Sexes,North Las Vegas (NV),City proper,Estimate - de jure,"Final figure, complete",2017,238702,"1,2"
United States of America,2016,Total,Both Sexes,Norwalk (CA),City proper,Estimate - de jure,"Final figure, complete",2017,106178,"1,2"
United States of America,2016,Total,Both Sexes,Oakland (CA),City proper,Estimate - de jure,"Final figure, complete",2017,420005,"1,2"
United States of America,2016,Total,Both Sexes,Oceanside (CA),City proper,Estimate - de jure,"Final figure, complete",2017,175464,"1,2"
United States of America,2016,Total,Both Sexes,Odessa (TX),City proper,Estimate - de jure,"Final figure, complete",2017,117871,"1,2"
United States of America,2016,Total,Both Sexes,Oklahoma City (OK),City proper,Estimate - de jure,"Final figure, complete",2017,638367,"1,2"
United States of America,2016,Total,Both Sexes,Olathe (KS),City proper,Estimate - de jure,"Final figure, complete",2017,135473,"1,2"
United States of America,2016,Total,Both Sexes,Omaha (NE),City proper,Estimate - de jure,"Final figure, complete",2017,446970,"1,2"
United States of America,2016,Total,Both Sexes,Ontario (CA),City proper,Estimate - de jure,"Final figure, complete",2017,173212,"1,2"
United States of America,2016,Total,Both Sexes,Orange (CA),City proper,Estimate - de jure,"Final figure, complete",2017,140504,"1,2"
United States of America,2016,Total,Both Sexes,Orlando (FL),City proper,Estimate - de jure,"Final figure, complete",2017,277173,"1,2"
United States of America,2016,Total,Both Sexes,Overland Park (KS),City proper,Estimate - de jure,"Final figure, complete",2017,188966,"1,2"
United States of America,2016,Total,Both Sexes,Oxnard (CA),City proper,Estimate - de jure,"Final figure, complete",2017,207906,"1,2"
United States of America,2016,Total,Both Sexes,Palmdale (CA),City proper,Estimate - de jure,"Final figure, complete",2017,157356,"1,2"
United States of America,2016,Total,Both Sexes,Palm Bay City (FL),City proper,Estimate - de jure,"Final figure, complete",2017,110104,"1,2"
United States of America,2016,Total,Both Sexes,Pasadena (CA),City proper,Estimate - de jure,"Final figure, complete",2017,142059,"1,2"
United States of America,2016,Total,Both Sexes,Pasadena (TX),City proper,Estimate - de jure,"Final figure, complete",2017,153351,"1,2"
United States of America,2016,Total,Both Sexes,Paterson (NJ),City proper,Estimate - de jure,"Final figure, complete",2017,147000,"1,2"
United States of America,2016,Total,Both Sexes,Pearland (TX),City proper,Estimate - de jure,"Final figure, complete",2017,113570,"1,2"
United States of America,2016,Total,Both Sexes,Pembroke Pines (FL),City proper,Estimate - de jure,"Final figure, complete",2017,168587,"1,2"
United States of America,2016,Total,Both Sexes,Peoria (AZ),City proper,Estimate - de jure,"Final figure, complete",2017,164173,"1,2"
United States of America,2016,Total,Both Sexes,Peoria (IL),City proper,Estimate - de jure,"Final figure, complete",2017,114265,"1,2"
United States of America,2016,Total,Both Sexes,Philadelphia (PA),City proper,Estimate - de jure,"Final figure, complete",2017,1567872,"1,2"
United States of America,2016,Total,Both Sexes,Phoenix (AZ),City proper,Estimate - de jure,"Final figure, complete",2017,1615017,"1,2"
United States of America,2016,Total,Both Sexes,Pittsburgh (PA),City proper,Estimate - de jure,"Final figure, complete",2017,303625,"1,2"
United States of America,2016,Total,Both Sexes,Plano (TX),City proper,Estimate - de jure,"Final figure, complete",2017,286057,"1,2"
United States of America,2016,Total,Both Sexes,Pomona (CA),City proper,Estimate - de jure,"Final figure, complete",2017,152494,"1,2"
United States of America,2016,Total,Both Sexes,Pompano Beach (FL),City proper,Estimate - de jure,"Final figure, complete",2017,109393,"1,2"
United States of America,2016,Total,Both Sexes,Port St. Lucie (FL),City proper,Estimate - de jure,"Final figure, complete",2017,185132,"1,2"
United States of America,2016,Total,Both Sexes,Portland (OR),City proper,Estimate - de jure,"Final figure, complete",2017,639863,"1,2"
United States of America,2016,Total,Both Sexes,Providence (RI),City proper,Estimate - de jure,"Final figure, complete",2017,179219,"1,2"
United States of America,2016,Total,Both Sexes,Provo (UT),City proper,Estimate - de jure,"Final figure, complete",2017,116868,"1,2"
United States of America,2016,Total,Both Sexes,Pueblo (CO),City proper,Estimate - de jure,"Final figure, complete",2017,110291,"1,2"
United States of America,2016,Total,Both Sexes,Raleigh (NC),City proper,Estimate - de jure,"Final figure, complete",2017,458880,"1,2"
United States of America,2016,Total,Both Sexes,Rancho Cucamonga (CA),City proper,Estimate - de jure,"Final figure, complete",2017,176534,"1,2"
United States of America,2016,Total,Both Sexes,Reno (NV),City proper,Estimate - de jure,"Final figure, complete",2017,245255,"1,2"
United States of America,2016,Total,Both Sexes,Renton (WA),City proper,Estimate - de jure,"Final figure, complete",2017,100953,"1,2"
United States of America,2016,Total,Both Sexes,Rialto (CA),City proper,Estimate - de jure,"Final figure, complete",2017,103314,"1,2"
United States of America,2016,Total,Both Sexes,Richardson (TX),City proper,Estimate - de jure,"Final figure, complete",2017,113347,"1,2"
United States of America,2016,Total,Both Sexes,Richmond (CA),City proper,Estimate - de jure,"Final figure, complete",2017,109813,"1,2"
United States of America,2016,Total,Both Sexes,Richmond (VA),City proper,Estimate - de jure,"Final figure, complete",2017,223170,"1,2"
United States of America,2016,Total,Both Sexes,Riverside (CA),City proper,Estimate - de jure,"Final figure, complete",2017,324722,"1,2"
United States of America,2016,Total,Both Sexes,Rochester (MN),City proper,Estimate - de jure,"Final figure, complete",2017,114011,"1,2"
United States of America,2016,Total,Both Sexes,Rochester (NY),City proper,Estimate - de jure,"Final figure, complete",2017,208880,"1,2"
United States of America,2016,Total,Both Sexes,Rockford (IL),City proper,Estimate - de jure,"Final figure, complete",2017,147651,"1,2"
United States of America,2016,Total,Both Sexes,Roseville (CA),City proper,Estimate - de jure,"Final figure, complete",2017,132671,"1,2"
United States of America,2016,Total,Both Sexes,Round Rock (TX),City proper,Estimate - de jure,"Final figure, complete",2017,120892,"1,2"
United States of America,2016,Total,Both Sexes,Sacramento (CA),City proper,Estimate - de jure,"Final figure, complete",2017,495234,"1,2"
United States of America,2016,Total,Both Sexes,Salem (OR),City proper,Estimate - de jure,"Final figure, complete",2017,167419,"1,2"
United States of America,2016,Total,Both Sexes,Salinas (CA),City proper,Estimate - de jure,"Final figure, complete",2017,157218,"1,2"
United States of America,2016,Total,Both Sexes,Salt Lake City (UT),City proper,Estimate - de jure,"Final figure, complete",2017,193744,"1,2"
United States of America,2016,Total,Both Sexes,San Angelo (TX),City proper,Estimate - de jure,"Final figure, complete",2017,100702,"1,2"
United States of America,2016,Total,Both Sexes,San Antonio (TX),City proper,Estimate - de jure,"Final figure, complete",2017,1492510,"1,2"
United States of America,2016,Total,Both Sexes,San Bernardino (CA),City proper,Estimate - de jure,"Final figure, complete",2017,216239,"1,2"
United States of America,2016,Total,Both Sexes,San Buenaventura (CA),City proper,Estimate - de jure,"Final figure, complete",2017,109592,"1,2"
United States of America,2016,Total,Both Sexes,San Diego (CA),City proper,Estimate - de jure,"Final figure, complete",2017,1406630,"1,2"
United States of America,2016,Total,Both Sexes,San Francisco (CA),City proper,Estimate - de jure,"Final figure, complete",2017,870887,"1,2"
United States of America,2016,Total,Both Sexes,San Jose (CA),City proper,Estimate - de jure,"Final figure, complete",2017,1025350,"1,2"
United States of America,2016,Total,Both Sexes,San Mateo (CA),City proper,Estimate - de jure,"Final figure, complete",2017,103959,"1,2"
United States of America,2016,Total,Both Sexes,Sandy Springs (GA),City proper,Estimate - de jure,"Final figure, complete",2017,105703,"1,2"
United States of America,2016,Total,Both Sexes,Santa Ana (CA),City proper,Estimate - de jure,"Final figure, complete",2017,334217,"1,2"
United States of America,2016,Total,Both Sexes,Santa Clara (CA),City proper,Estimate - de jure,"Final figure, complete",2017,125948,"1,2"
United States of America,2016,Total,Both Sexes,Santa Clarita (CA),City proper,Estimate - de jure,"Final figure, complete",2017,181972,"1,2"
United States of America,2016,Total,Both Sexes,Santa Maria (CA),City proper,Estimate - de jure,"Final figure, complete",2017,106290,"1,2"
United States of America,2016,Total,Both Sexes,Santa Rosa (CA),City proper,Estimate - de jure,"Final figure, complete",2017,175155,"1,2"
United States of America,2016,Total,Both Sexes,Savannah (GA),City proper,Estimate - de jure,"Final figure, complete",2017,146763,"1,2"
United States of America,2016,Total,Both Sexes,Scottsdale (AZ),City proper,Estimate - de jure,"Final figure, complete",2017,246645,"1,2"
United States of America,2016,Total,Both Sexes,Seattle (WA),City proper,Estimate - de jure,"Final figure, complete",2017,704352,"1,2"
United States of America,2016,Total,Both Sexes,Shreveport (LA),City proper,Estimate - de jure,"Final figure, complete",2017,194920,"1,2"
United States of America,2016,Total,Both Sexes,Simi Valley (CA),City proper,Estimate - de jure,"Final figure, complete",2017,126327,"1,2"
United States of America,2016,Total,Both Sexes,Sioux Falls (SD),City proper,Estimate - de jure,"Final figure, complete",2017,174360,"1,2"
United States of America,2016,Total,Both Sexes,South Bend (IN),City proper,Estimate - de jure,"Final figure, complete",2017,101735,"1,2"
United States of America,2016,Total,Both Sexes,Spokane (WA),City proper,Estimate - de jure,"Final figure, complete",2017,215973,"1,2"
United States of America,2016,Total,Both Sexes,Springfield (IL),City proper,Estimate - de jure,"Final figure, complete",2017,115715,"1,2"
United States of America,2016,Total,Both Sexes,Springfield (MA),City proper,Estimate - de jure,"Final figure, complete",2017,154074,"1,2"
United States of America,2016,Total,Both Sexes,Springfield (MO),City proper,Estimate - de jure,"Final figure, complete",2017,167319,"1,2"
United States of America,2016,Total,Both Sexes,St. Louis (MO),City proper,Estimate - de jure,"Final figure, complete",2017,311404,"1,2"
United States of America,2016,Total,Both Sexes,St. Paul (MN),City proper,Estimate - de jure,"Final figure, complete",2017,302398,"1,2"
United States of America,2016,Total,Both Sexes,St. Petersburg (FL),City proper,Estimate - de jure,"Final figure, complete",2017,260999,"1,2"
United States of America,2016,Total,Both Sexes,Stamford (CT),City proper,Estimate - de jure,"Final figure, complete",2017,129113,"1,2"
United States of America,2016,Total,Both Sexes,Sterling Heights (MI),City proper,Estimate - de jure,"Final figure, complete",2017,132427,"1,2"
United States of America,2016,Total,Both Sexes,Stockton (CA),City proper,Estimate - de jure,"Final figure, complete",2017,307072,"1,2"
United States of America,2016,Total,Both Sexes,Sunnyvale (CA),City proper,Estimate - de jure,"Final figure, complete",2017,152771,"1,2"
United States of America,2016,Total,Both Sexes,Surprise (AZ),City proper,Estimate - de jure,"Final figure, complete",2017,132677,"1,2"
United States of America,2016,Total,Both Sexes,Syracuse (NY),City proper,Estimate - de jure,"Final figure, complete",2017,143378,"1,2"
United States of America,2016,Total,Both Sexes,Tacoma (WA),City proper,Estimate - de jure,"Final figure, complete",2017,211277,"1,2"
United States of America,2016,Total,Both Sexes,Tallahassee (FL),City proper,Estimate - de jure,"Final figure, complete",2017,190894,"1,2"
United States of America,2016,Total,Both Sexes,Tampa (FL),City proper,Estimate - de jure,"Final figure, complete",2017,377165,"1,2"
United States of America,2016,Total,Both Sexes,Temecula (CA),City proper,Estimate - de jure,"Final figure, complete",2017,113054,"1,2"
United States of America,2016,Total,Both Sexes,Tempe (AZ),City proper,Estimate - de jure,"Final figure, complete",2017,182498,"1,2"
United States of America,2016,Total,Both Sexes,Thornton (CO),City proper,Estimate - de jure,"Final figure, complete",2017,136703,"1,2"
United States of America,2016,Total,Both Sexes,Thousand Oaks (CA),City proper,Estimate - de jure,"Final figure, complete",2017,128888,"1,2"
United States of America,2016,Total,Both Sexes,Toledo (OH),City proper,Estimate - de jure,"Final figure, complete",2017,278508,"1,2"
United States of America,2016,Total,Both Sexes,Topeka (KS),City proper,Estimate - de jure,"Final figure, complete",2017,126808,"1,2"
United States of America,2016,Total,Both Sexes,Torrance (CA),City proper,Estimate - de jure,"Final figure, complete",2017,147195,"1,2"
United States of America,2016,Total,Both Sexes,Tucson (AZ),City proper,Estimate - de jure,"Final figure, complete",2017,530706,"1,2"
United States of America,2016,Total,Both Sexes,Tulsa (OK),City proper,Estimate - de jure,"Final figure, complete",2017,403090,"1,2"
United States of America,2016,Total,Both Sexes,Tyler (TX),City proper,Estimate - de jure,"Final figure, complete",2017,104798,"1,2"
United States of America,2016,Total,Both Sexes,Vallejo (CA),City proper,Estimate - de jure,"Final figure, complete",2017,121299,"1,2"
United States of America,2016,Total,Both Sexes,Vancouver (WA),City proper,Estimate - de jure,"Final figure, complete",2017,174826,"1,2"
United States of America,2016,Total,Both Sexes,Victorville City (CA),City proper,Estimate - de jure,"Final figure, complete",2017,122265,"1,2"
United States of America,2016,Total,Both Sexes,Virginia Beach (VA),City proper,Estimate - de jure,"Final figure, complete",2017,452602,"1,2"
United States of America,2016,Total,Both Sexes,Visalia (CA),City proper,Estimate - de jure,"Final figure, complete",2017,131074,"1,2"
United States of America,2016,Total,Both Sexes,Vista (CA),City proper,Estimate - de jure,"Final figure, complete",2017,101659,"1,2"
United States of America,2016,Total,Both Sexes,Waco (TX),City proper,Estimate - de jure,"Final figure, complete",2017,134432,"1,2"
United States of America,2016,Total,Both Sexes,Warren (MI),City proper,Estimate - de jure,"Final figure, complete",2017,135125,"1,2"
United States of America,2016,Total,Both Sexes,WASHINGTON (DC),City proper,Estimate - de jure,"Final figure, complete",2017,681170,"1,2"
United States of America,2016,Total,Both Sexes,Waterbury (CT),City proper,Estimate - de jure,"Final figure, complete",2017,108272,"1,2"
United States of America,2016,Total,Both Sexes,West Covina (CA),City proper,Estimate - de jure,"Final figure, complete",2017,107847,"1,2"
United States of America,2016,Total,Both Sexes,West Jordan (UT),City proper,Estimate - de jure,"Final figure, complete",2017,113699,"1,2"
United States of America,2016,Total,Both Sexes,West Palm Beach (FL),City proper,Estimate - de jure,"Final figure, complete",2017,108161,"1,2"
United States of America,2016,Total,Both Sexes,West Valley City (UT),City proper,Estimate - de jure,"Final figure, complete",2017,136574,"1,2"
United States of America,2016,Total,Both Sexes,Westminster (CO),City proper,Estimate - de jure,"Final figure, complete",2017,113875,"1,2"
United States of America,2016,Total,Both Sexes,Wichita (KS),City proper,Estimate - de jure,"Final figure, complete",2017,389902,"1,2"
United States of America,2016,Total,Both Sexes,Wichita Falls (TX),City proper,Estimate - de jure,"Final figure, complete",2017,104724,"1,2"
United States of America,2016,Total,Both Sexes,Wilmington (NC),City proper,Estimate - de jure,"Final figure, complete",2017,117525,"1,2"
United States of America,2016,Total,Both Sexes,Winston-Salem (NC),City proper,Estimate - de jure,"Final figure, complete",2017,242203,"1,2"
United States of America,2016,Total,Both Sexes,Worcester (MA),City proper,Estimate - de jure,"Final figure, complete",2017,184508,"1,2"
United States of America,2016,Total,Both Sexes,Yonkers (NY),City proper,Estimate - de jure,"Final figure, complete",2017,200807,"1,2"
,,,,,,,,,,
footnoteSeqID,Footnote,,,,,,,,,
1,Excluding U.S. Armed Forces overseas and civilian U.S. citizens whose usual place of residence is outside the United States.,,,,,,,,,
2,"City refers to a type of incorporated place in 49 states and the District of Columbia, that has an elected government and provides a range of government functions and services. Also included among the cities on this list is Urban Honolulu, Hawaii Census Designated Place (CDP), for which the Census Bureau reports data under agreement with the State of Hawaii (instead of the combined city and county of Honolulu).",,,,,,,,,
